{
  "mca:recipes/building_blocks/headstones": {
    "criteria": {
      "has_ingredients": "2024-07-07 08:35:41 +0000"
    },
    "done": true
  },
  "chunkloaders:recipes/chunkloaders/basic_chunk_loader": {
    "criteria": {
      "has_the_recipe": "2024-07-07 08:35:41 +0000"
    },
    "done": true
  },
  "farmersdelight:main/root": {
    "criteria": {
      "seeds": "2024-07-07 08:35:41 +0000"
    },
    "done": true
  },
  "betterdungeons:root": {
    "criteria": {
      "always": "2024-07-07 08:35:41 +0000"
    },
    "done": true
  },
  "mca:recipes/misc/potions": {
    "criteria": {
      "has_item": "2024-07-07 08:35:41 +0000"
    },
    "done": true
  },
  "tombstone:adventure/root": {
    "criteria": {
      "auto": "2024-07-07 08:35:41 +0000"
    },
    "done": true
  },
  "mca:recipes/building_blocks/rose_gold_block": {
    "criteria": {
      "has_item": "2024-07-07 08:35:41 +0000"
    },
    "done": true
  },
  "dungeons_arise:wda_root": {
    "criteria": {
      "WDA": "2024-07-07 08:35:41 +0000"
    },
    "done": true
  },
  "chunkloaders:recipes/misc/basic_chunk_loader": {
    "criteria": {
      "recipe_condition": "2024-07-07 08:35:41 +0000"
    },
    "done": true
  },
  "chunkloaders:recipes/chunkloaders/single_to_basic_chunk_loader": {
    "criteria": {
      "has_the_recipe": "2024-07-07 08:35:41 +0000"
    },
    "done": true
  },
  "chunkloaders:recipes/chunkloaders/ultimate_chunk_loader": {
    "criteria": {
      "has_the_recipe": "2024-07-07 08:35:41 +0000"
    },
    "done": true
  },
  "aoa3:overworld/by_the_books": {
    "criteria": {
      "legitimate": "2024-07-07 08:35:41 +0000"
    },
    "done": true
  },
  "mca:recipes/misc/needle_and_thread": {
    "criteria": {
      "has_item": "2024-07-07 08:35:41 +0000"
    },
    "done": true
  },
  "chunkloaders:recipes/misc/advanced_chunk_loader": {
    "criteria": {
      "recipe_condition": "2024-07-07 08:35:41 +0000"
    },
    "done": true
  },
  "mca:recipes/misc/comb": {
    "criteria": {
      "has_item": "2024-07-07 08:35:41 +0000"
    },
    "done": true
  },
  "majruszs_difficulty:progressive_difficulty/normal_mode": {
    "criteria": {
      "game_state": "2024-07-07 08:35:41 +0000"
    },
    "done": true
  },
  "mca:recipes/misc/rose_gold_ingot_blasting": {
    "criteria": {
      "has_item": "2024-07-07 08:35:41 +0000"
    },
    "done": true
  },
  "aoa3:overworld/root": {
    "criteria": {
      "playerjoin": "2024-07-07 08:35:41 +0000"
    },
    "done": true
  },
  "mca:recipes/misc/family_tree": {
    "criteria": {
      "has_item": "2024-07-07 08:35:41 +0000"
    },
    "done": true
  },
  "minecraft:adventure/adventuring_time": {
    "criteria": {
      "minecraft:forest": "2024-07-07 08:35:41 +0000",
      "minecraft:taiga": "2024-07-07 08:36:25 +0000"
    },
    "done": false
  },
  "mca:root": {
    "criteria": {
      "village_taiga": "2024-07-07 08:35:41 +0000",
      "village_savanna": "2024-07-07 08:35:41 +0000",
      "village_snowy": "2024-07-07 08:35:41 +0000",
      "village_desert": "2024-07-07 08:35:41 +0000",
      "village_plains": "2024-07-07 08:35:41 +0000"
    },
    "done": true
  },
  "chunkloaders:recipes/misc/ultimate_chunk_loader": {
    "criteria": {
      "recipe_condition": "2024-07-07 08:35:41 +0000"
    },
    "done": true
  },
  "chunkloaders:recipes/misc/single_to_basic_chunk_loader": {
    "criteria": {
      "recipe_condition": "2024-07-07 08:35:41 +0000"
    },
    "done": true
  },
  "create:root": {
    "criteria": {
      "0": "2024-07-07 08:35:41 +0000"
    },
    "done": true
  },
  "iceandfire:iceandfire/root": {
    "criteria": {
      "tick": "2024-07-07 08:35:41 +0000"
    },
    "done": true
  },
  "tombstone:adventure/find_easter_egg": {
    "criteria": {
      "coded_trigger": "2024-07-07 08:35:41 +0000"
    },
    "done": true
  },
  "chunkloaders:recipes/chunkloaders/advanced_chunk_loader": {
    "criteria": {
      "has_the_recipe": "2024-07-07 08:35:41 +0000"
    },
    "done": true
  },
  "mca:recipes/misc/books": {
    "criteria": {
      "has_item": "2024-07-07 08:35:41 +0000"
    },
    "done": true
  },
  "mca:recipes/misc/rose_gold_ingot_smelting": {
    "criteria": {
      "has_item": "2024-07-07 08:35:41 +0000"
    },
    "done": true
  },
  "mca:recipes/misc/blueprint": {
    "criteria": {
      "has_item": "2024-07-07 08:35:41 +0000"
    },
    "done": true
  },
  "enchantinginfuser:recipes/decorations/advanced_enchanting_infuser": {
    "criteria": {
      "has_netherite_ingot": "2024-07-07 08:35:41 +0000",
      "has_crying_obsidian": "2024-07-07 08:35:41 +0000"
    },
    "done": true
  },
  "chunkloaders:recipes/misc/single_chunk_loader": {
    "criteria": {
      "recipe_condition": "2024-07-07 08:35:41 +0000"
    },
    "done": true
  },
  "mca:recipes/misc/whistle": {
    "criteria": {
      "has_item": "2024-07-07 08:35:41 +0000"
    },
    "done": true
  },
  "mca:recipes/misc/rose_gold_ingot": {
    "criteria": {
      "has_item": "2024-07-07 08:35:41 +0000"
    },
    "done": true
  },
  "mca:recipes/misc/staff_of_life": {
    "criteria": {
      "has_item": "2024-07-07 08:35:41 +0000"
    },
    "done": true
  },
  "enchantinginfuser:recipes/decorations/enchanting_infuser": {
    "criteria": {
      "has_amethyst_shard": "2024-07-07 08:35:41 +0000",
      "has_crying_obsidian": "2024-07-07 08:35:41 +0000",
      "has_the_recipe": "2024-07-07 08:35:41 +0000"
    },
    "done": true
  },
  "repurposed_structures:root": {
    "criteria": {
      "always": "2024-07-07 08:35:41 +0000"
    },
    "done": true
  },
  "chunkloaders:recipes/chunkloaders/single_chunk_loader": {
    "criteria": {
      "has_the_recipe": "2024-07-07 08:35:41 +0000"
    },
    "done": true
  },
  "DataVersion": 2586
}