{
  "minecraft:recipes/misc/charcoal": {
    "criteria": {
      "has_log": "2024-07-07 07:06:12 +0000"
    },
    "done": true
  },
  "minecraft:recipes/building_blocks/spruce_planks": {
    "criteria": {
      "has_logs": "2024-07-07 07:06:12 +0000"
    },
    "done": true
  },
  "minecraft:recipes/building_blocks/spruce_wood": {
    "criteria": {
      "has_log": "2024-07-07 07:06:12 +0000"
    },
    "done": true
  },
  "minecraft:adventure/adventuring_time": {
    "criteria": {
      "minecraft:taiga": "2024-07-07 07:04:42 +0000",
      "minecraft:plains": "2024-07-07 07:05:28 +0000"
    },
    "done": false
  },
  "DataVersion": 2586
}